Stacja,Rok,Mies,Abs_Temp_Maks,Srd_Temp_Maks,Abs_Temp_Min,Srd_Temp_Min,Srd_Temp_Mies,Min_Temp_Grunt,Suma_Opad,Maks_Dob_Sum_Opad,Suma_Slonce,Maks_Pokryw_Snieg,Dni_z_Snieg,Dni_Z_Deszcz,Dni_Z_Snieg,Dni_DeszczISnieg,Dni_Grad,Dni_Mgla,Dni_Zamglen,Dni_Sadz,Dni_Gololedz,Dni_Zamiec_Niska,Dni_Zamiec_Wysoka,Dni_Zmetnienie,Dni_Wiatr,Dni_Big_Waitr,Dni_Burza,Dni_Rosa,Dni_Szron
ZAMOŒÆ,2015,3,.0,.0,.0,.0,.0,.0,39.4,10.6,.0,0,0,11,0,0,0,0,0,0,0,0,0,0,0,0,0,0,0
ZAMOŒÆ,2015,4,24.3,13.6,-2.2,2.9,8.0,-4.6,27.5,9.7,.0,0,0,15,0,0,0,0,0,0,0,0,0,0,0,0,0,0,0
ZAMOŒÆ,2015,5,25.2,18.2,.9,7.5,12.7,-.6,119.6,49.9,.0,0,0,18,0,0,0,0,0,0,0,0,0,0,0,0,0,0,0
ZAMOŒÆ,2015,6,30.1,22.7,5.4,11.1,17.0,3.6,42.1,24.8,.0,0,0,6,0,0,0,0,0,0,0,0,0,0,0,0,0,0,0
ZAMOŒÆ,2015,7,35.3,26.2,8.0,13.2,19.5,5.6,59.8,22.7,.0,0,0,15,0,0,0,0,0,0,0,0,0,0,0,0,0,0,0
ZAMOŒÆ,2015,8,.0,.0,.0,.0,.0,.0,4.9,2.6,.0,0,0,2,0,0,0,0,0,0,0,0,0,0,0,0,0,0,0
ZAMOŒÆ,2015,9,.0,.0,.0,.0,.0,.0,80.7,35.7,.0,0,0,16,0,0,0,0,0,0,0,0,0,0,0,0,0,0,0
ZAMOŒÆ,2015,10,22.5,11.6,-4.7,2.7,.0,-9.1,67.7,24.8,.0,0,0,11,0,0,0,0,0,0,0,0,0,0,0,0,0,0,0
ZAMOŒÆ,2015,11,16.0,7.8,-7.8,2.1,4.9,-13.4,36.1,7.2,.0,0,0,19,0,0,0,0,0,0,0,0,0,0,0,0,0,0,0
ZAMOŒÆ,2015,12,11.4,6.2,-12.1,.5,.0,-13.6,19.1,4.8,.0,0,0,11,0,0,0,0,0,0,0,0,0,0,0,0,0,0,0
LUBLIN-RADAWIEC,2015,1,10.6,2.9,-13.8,-1.2,.6,-14.5,51.0,9.7,29.9,7,10,3,17,6,0,7,19,0,3,3,0,0,5,0,0,0,7
LUBLIN-RADAWIEC,2015,2,10.0,3.4,-7.8,-2.1,.4,-8.6,13.6,10.5,97.4,3,5,5,4,0,1,7,26,0,5,0,0,2,2,0,0,2,16
LUBLIN-RADAWIEC,2015,3,19.7,9.6,-5.6,1.0,4.7,-8.2,45.4,9.9,166.5,0,0,8,6,4,0,1,20,1,0,0,0,5,1,0,0,2,13
LUBLIN-RADAWIEC,2015,4,23.5,13.1,-1.7,3.2,7.9,-3.6,27.9,6.0,204.4,3,2,11,5,5,0,0,12,0,0,0,0,0,4,1,0,12,3
LUBLIN-RADAWIEC,2015,5,24.9,17.8,2.8,7.7,12.4,-.3,113.7,40.8,193.3,0,0,18,0,0,0,4,14,0,0,0,0,0,0,0,5,19,0
LUBLIN-RADAWIEC,2015,6,30.0,22.2,6.7,11.3,16.7,3.9,18.0,4.7,276.4,0,0,8,0,0,0,0,4,0,0,0,0,0,0,0,3,25,0
LUBLIN-RADAWIEC,2015,7,33.2,25.4,7.8,13.6,19.3,5.2,42.9,12.5,282.3,0,0,13,0,0,0,0,10,0,0,0,0,0,1,0,7,20,0
LUBLIN-RADAWIEC,2015,8,35.2,29.0,6.2,14.6,21.8,3.0,7.1,4.7,325.0,0,0,2,0,0,0,0,5,0,0,0,0,0,0,0,0,10,0
LUBLIN-RADAWIEC,2015,9,33.8,19.3,3.6,11.0,14.6,1.1,89.7,24.2,142.3,0,0,16,0,0,0,8,19,0,0,0,0,0,0,0,5,11,0
LUBLIN-RADAWIEC,2015,10,21.8,11.2,-3.8,3.0,6.8,-5.9,46.8,25.7,158.1,0,0,8,1,1,0,8,24,0,0,0,0,1,0,0,0,20,13
LUBLIN-RADAWIEC,2015,11,15.5,7.6,-4.6,2.4,4.7,-6.7,48.2,6.5,70.5,0,0,15,2,3,0,10,28,0,1,0,0,3,4,0,2,4,11
LUBLIN-RADAWIEC,2015,12,12.4,6.1,-8.6,1.0,3.3,-9.4,27.5,4.8,65.5,4,2,8,6,7,0,8,28,0,0,0,0,0,3,0,0,5,9
ZAMOŒÆ,2016,1,8.1,-1.3,-18.2,-7.3,-4.0,-21.6,27.9,7.4,.0,0,0,14,0,0,0,0,0,0,0,0,0,0,0,0,0,0,0
ZAMOŒÆ,2016,2,12.9,6.8,-6.8,.8,3.5,-7.1,27.2,10.4,.0,0,0,13,0,0,0,0,0,0,0,0,0,0,0,0,0,0,0
ZAMOŒÆ,2016,3,14.6,7.6,-5.9,.7,3.9,-7.8,46.4,13.8,.0,0,0,15,0,0,0,0,0,0,0,0,0,0,0,0,0,0,0
ZAMOŒÆ,2016,4,23.2,14.4,-2.2,5.0,9.4,-5.0,80.5,13.5,.0,0,0,19,0,0,0,0,0,0,0,0,0,0,0,0,0,0,0
ZAMOŒÆ,2016,5,27.0,19.8,1.1,8.0,14.0,-.4,84.2,23.2,.0,0,0,17,0,0,0,0,0,0,0,0,0,0,0,0,0,0,0
ZAMOŒÆ,2016,6,33.0,24.1,3.5,12.0,18.3,.6,45.7,32.1,.0,0,0,10,0,0,0,0,0,0,0,0,0,0,0,0,0,0,0
ZAMOŒÆ,2016,7,32.7,25.6,7.4,13.6,.0,5.3,84.6,38.3,.0,0,0,15,0,0,0,0,0,0,0,0,0,0,0,0,0,0,0
ZAMOŒÆ,2016,8,31.4,24.9,5.2,11.9,18.2,3.1,45.7,22.4,.0,0,0,10,0,0,0,0,0,0,0,0,0,0,0,0,0,0,0
ZAMOŒÆ,2016,9,29.1,21.6,2.1,9.3,.0,-.7,14.1,4.4,.0,0,0,11,0,0,0,0,0,0,0,0,0,0,0,0,0,0,0
ZAMOŒÆ,2016,10,.0,.0,.0,.0,.0,.0,106.4,16.4,.0,0,0,20,0,0,0,0,0,0,0,0,0,0,0,0,0,0,0
ZAMOŒÆ,2016,11,15.5,5.3,-8.6,.2,2.6,-12.2,49.0,16.1,.0,0,0,16,0,0,0,0,0,0,0,0,0,0,0,0,0,0,0
ZAMOŒÆ,2016,12,8.9,1.9,-10.7,-3.0,-.3,-16.5,34.1,9.3,.0,0,0,16,0,0,0,0,0,0,0,0,0,0,0,0,0,0,0
LUBLIN-RADAWIEC,2016,1,9.6,-1.3,-16.7,-7.2,-4.2,-21.5,35.3,9.2,50.4,11,21,2,17,4,0,12,27,5,1,2,0,0,0,0,0,0,14
LUBLIN-RADAWIEC,2016,2,12.3,5.8,-5.6,.8,3.0,-8.2,60.7,11.4,49.3,4,5,8,11,5,0,5,24,1,0,0,0,0,1,0,0,2,4
LUBLIN-RADAWIEC,2016,3,13.6,7.3,-5.1,.4,3.5,-6.4,59.2,13.6,125.3,3,2,12,6,4,1,10,28,0,0,0,0,0,1,0,1,2,10
LUBLIN-RADAWIEC,2016,4,22.8,13.5,-.7,4.6,8.9,-3.5,35.0,9.3,169.6,0,0,13,1,0,0,4,18,0,0,0,0,0,1,0,3,13,3
LUBLIN-RADAWIEC,2016,5,27.7,20.2,1.3,8.7,14.4,-.9,32.6,9.2,289.7,0,0,10,0,0,0,2,11,0,0,0,0,0,0,0,7,27,0
LUBLIN-RADAWIEC,2016,6,32.1,24.1,3.3,12.5,18.3,.0,51.9,19.8,301.9,0,0,7,0,0,0,0,8,0,0,0,0,0,0,0,6,17,0
LUBLIN-RADAWIEC,2016,7,30.9,24.8,8.8,14.0,18.9,5.9,138.2,43.3,252.6,0,0,16,0,0,0,1,9,0,0,0,0,0,1,0,15,22,0
LUBLIN-RADAWIEC,2016,8,30.7,23.8,7.3,12.5,17.8,4.5,45.3,20.8,260.0,0,0,7,0,0,0,0,10,0,0,0,0,0,0,0,4,27,0
LUBLIN-RADAWIEC,2016,9,28.7,21.2,1.8,9.8,15.2,-1.4,12.4,7.8,217.5,0,0,7,0,0,0,3,18,0,0,0,0,0,0,0,1,19,1
LUBLIN-RADAWIEC,2016,10,23.7,10.1,-1.9,4.0,6.7,-4.2,116.3,23.3,71.1,0,0,20,1,0,0,5,25,0,0,0,0,0,1,0,0,2,5
LUBLIN-RADAWIEC,2016,11,12.6,4.8,-5.9,.3,2.2,-9.6,47.6,14.4,51.7,4,6,9,9,2,0,10,24,2,1,2,0,0,0,0,0,2,3
LUBLIN-RADAWIEC,2016,12,8.9,1.8,-8.8,-2.6,-.2,-13.7,63.9,18.6,33.1,13,18,6,11,4,0,11,28,6,6,0,0,1,3,0,0,0,10
ZAMOŒÆ,2017,1,.0,.0,.0,.0,.0,.0,5.1,2.6,.0,0,0,5,0,0,0,0,0,0,0,0,0,0,0,0,0,0,0
ZAMOŒÆ,2017,2,14.7,1.5,-16.5,-4.4,.0,-19.8,20.5,11.1,.0,0,0,9,0,0,0,0,0,0,0,0,0,0,0,0,0,0,0
ZAMOŒÆ,2017,3,18.5,10.1,-2.5,2.2,.0,-4.4,32.0,10.4,.0,0,0,15,0,0,0,0,0,0,0,0,0,0,0,0,0,0,0
ZAMOŒÆ,2017,4,23.4,13.0,-3.9,3.0,7.6,-7.3,32.4,11.9,.0,0,0,16,0,0,0,0,0,0,0,0,0,0,0,0,0,0,0
ZAMOŒÆ,2017,5,26.1,18.9,-1.4,7.9,13.4,-1.8,57.8,16.5,.0,0,0,15,0,0,0,0,0,0,0,0,0,0,0,0,0,0,0
ZAMOŒÆ,2017,6,30.7,23.6,5.8,12.0,17.9,3.7,44.6,16.3,.0,0,0,10,0,0,0,0,0,0,0,0,0,0,0,0,0,0,0
ZAMOŒÆ,2017,7,32.7,24.3,6.0,12.5,18.3,3.0,81.5,21.0,.0,0,0,19,0,0,0,0,0,0,0,0,0,0,0,0,0,0,0
ZAMOŒÆ,2017,8,35.0,26.8,7.6,13.3,19.7,3.4,25.8,10.6,.0,0,0,12,0,0,0,0,0,0,0,0,0,0,0,0,0,0,0
ZAMOŒÆ,2017,9,27.7,18.1,1.2,10.4,13.8,-1.8,123.5,21.2,.0,0,0,17,0,0,0,0,0,0,0,0,0,0,0,0,0,0,0
ZAMOŒÆ,2017,10,21.7,12.6,-.5,6.4,9.2,-3.3,87.7,19.4,.0,0,0,18,0,0,0,0,0,0,0,0,0,0,0,0,0,0,0
ZAMOŒÆ,2017,11,12.2,6.4,-5.0,1.4,3.8,-7.4,27.8,9.0,.0,0,0,14,0,0,0,0,0,0,0,0,0,0,0,0,0,0,0
ZAMOŒÆ,2017,12,11.8,4.0,-3.9,-.3,1.8,-6.7,37.5,4.7,.0,0,0,17,0,0,0,0,0,0,0,0,0,0,0,0,0,0,0
LUBLIN-RADAWIEC,2017,1,1.6,-2.5,-22.1,-8.5,-5.7,-25.8,14.7,4.2,79.6,16,28,1,10,1,0,8,29,5,2,2,1,2,1,0,0,0,15
LUBLIN-RADAWIEC,2017,2,13.3,1.2,-14.1,-4.4,-1.7,-15.7,39.6,15.2,74.1,18,22,5,10,0,0,6,19,3,2,0,0,3,1,0,0,0,5
LUBLIN-RADAWIEC,2017,3,18.6,9.8,-2.2,2.1,5.4,-5.3,33.8,9.2,102.9,1,1,12,4,0,0,5,22,0,0,0,0,1,4,0,0,4,8
LUBLIN-RADAWIEC,2017,4,23.4,12.1,-5.1,2.8,7.0,-6.7,55.8,14.8,164.5,4,1,13,3,1,0,2,13,0,0,0,0,0,3,0,1,7,8
LUBLIN-RADAWIEC,2017,5,26.4,19.1,-2.3,8.3,13.5,-3.7,40.6,15.5,267.1,0,0,9,0,0,0,6,18,0,0,0,0,0,0,0,6,20,2
LUBLIN-RADAWIEC,2017,6,30.5,23.5,7.0,12.1,17.7,4.2,30.2,10.2,296.6,0,0,10,0,0,0,0,6,0,0,0,0,0,0,0,8,15,0
LUBLIN-RADAWIEC,2017,7,32.3,24.0,7.0,12.8,18.1,4.4,86.7,21.2,250.8,0,0,16,0,0,0,4,16,0,0,0,0,0,0,0,11,19,0
LUBLIN-RADAWIEC,2017,8,34.9,25.6,7.7,13.4,19.1,5.1,55.1,22.7,272.4,0,0,6,0,0,0,4,14,0,0,0,0,0,0,0,7,19,0
LUBLIN-RADAWIEC,2017,9,27.9,17.8,2.8,10.7,13.6,.9,87.6,14.7,136.8,0,0,16,0,0,0,3,17,0,0,0,0,0,1,0,0,15,0
LUBLIN-RADAWIEC,2017,10,20.7,11.9,.0,5.9,8.9,-2.4,92.4,16.4,75.1,0,0,24,0,0,0,9,26,0,0,0,0,0,4,1,0,10,1
LUBLIN-RADAWIEC,2017,11,13.2,5.9,-2.4,1.7,3.7,-4.4,46.2,12.7,42.1,3,1,11,5,3,0,7,28,0,0,0,0,0,0,0,0,7,8
LUBLIN-RADAWIEC,2017,12,10.1,3.4,-4.4,-.3,1.6,-8.4,29.3,5.6,21.2,5,7,4,11,6,0,3,25,0,2,0,0,0,2,0,0,0,11
ZAMOŒÆ,2018,1,8.4,2.3,-12.4,-2.7,-.2,-13.5,12.6,2.9,.0,0,0,14,0,0,0,0,0,0,0,0,0,0,0,0,0,0,0
ZAMOŒÆ,2018,2,9.9,-1.6,-21.3,-7.0,-4.3,-23.8,20.5,9.5,.0,13,26,1,13,0,0,0,0,0,0,0,0,0,0,0,0,0,0
ZAMOŒÆ,2018,3,15.9,3.4,-24.2,-5.2,-1.0,-27.2,28.5,5.0,.0,21,19,9,5,0,0,0,0,0,0,0,0,0,0,0,0,0,0
ZAMOŒÆ,2018,4,27.6,19.8,-2.1,6.2,13.1,-5.4,30.6,20.2,.0,0,0,5,1,0,0,0,0,0,0,0,0,0,0,0,0,0,0
ZAMOŒÆ,2018,5,29.5,22.9,3.1,9.0,16.4,-.6,45.8,14.9,.0,0,0,9,0,0,0,0,0,0,0,0,0,0,0,0,0,0,0
ZAMOŒÆ,2018,6,29.8,24.3,2.9,11.8,17.9,-.5,51.5,14.5,.0,0,0,13,0,0,0,0,0,0,0,0,0,0,0,0,0,0,0
ZAMOŒÆ,2018,7,30.2,25.5,9.9,14.9,19.8,6.6,119.9,22.1,.0,0,0,17,0,0,0,0,0,0,0,0,0,0,0,0,0,0,0
ZAMOŒÆ,2018,8,31.8,26.5,7.2,13.9,20.1,4.2,23.3,10.5,.0,0,0,9,0,0,0,0,0,0,0,0,0,0,0,0,0,0,0
ZAMOŒÆ,2018,9,27.2,21.5,-2.6,9.5,15.3,-5.7,28.3,10.5,.0,0,0,9,0,0,0,0,0,0,0,0,0,0,0,0,0,0,0
ZAMOŒÆ,2018,10,21.8,15.9,-.6,4.5,9.7,-4.1,30.0,9.4,.0,0,0,9,0,0,0,0,0,0,0,0,0,0,0,0,0,0,0
ZAMOŒÆ,2018,11,19.7,7.1,-9.9,.3,3.1,-11.7,9.1,2.9,.0,0,0,5,1,0,0,0,0,0,0,0,0,0,0,0,0,0,0
ZAMOŒÆ,2018,12,7.4,2.2,-14.1,-2.1,.3,-15.8,40.5,6.3,.0,11,11,14,10,0,0,0,0,0,0,0,0,0,0,0,0,0,0
LUBLIN-RADAWIEC,2018,1,8.6,2.0,-10.7,-2.6,-.3,-10.9,25.7,4.9,42.0,12,12,6,8,3,0,6,25,0,2,2,1,0,2,0,0,0,7
LUBLIN-RADAWIEC,2018,2,5.4,-1.5,-17.1,-6.3,-4.1,-22.4,11.2,2.9,58.5,6,23,1,11,1,0,4,25,0,1,0,0,0,0,0,0,0,9
LUBLIN-RADAWIEC,2018,3,14.7,3.6,-20.0,-4.3,-.6,-26.6,32.5,10.7,149.1,21,18,4,7,2,0,2,23,0,2,4,0,2,0,0,0,0,12
LUBLIN-RADAWIEC,2018,4,27.1,19.5,-1.1,6.9,13.0,-4.4,46.7,15.4,280.2,0,0,6,2,1,0,0,6,0,0,0,0,0,3,0,4,14,2
LUBLIN-RADAWIEC,2018,5,29.6,22.6,5.9,10.6,16.7,3.0,44.1,17.2,329.8,0,0,8,0,0,0,2,5,0,0,0,0,0,0,0,2,20,0
LUBLIN-RADAWIEC,2018,6,31.1,24.3,5.1,12.5,18.3,2.3,65.4,21.3,264.6,0,0,14,0,0,0,3,6,0,0,0,0,0,1,0,5,8,0
LUBLIN-RADAWIEC,2018,7,30.0,25.4,10.4,15.2,19.9,8.0,62.0,16.9,226.0,0,0,18,0,0,0,3,14,0,0,0,0,0,0,0,10,10,0
LUBLIN-RADAWIEC,2018,8,31.9,26.7,8.6,14.4,20.2,6.0,25.6,8.3,286.9,0,0,7,0,0,0,6,15,0,0,0,0,0,1,0,6,25,0
LUBLIN-RADAWIEC,2018,9,27.7,21.3,.1,10.1,15.3,-2.7,52.0,14.2,217.8,0,0,10,0,0,0,1,18,0,0,0,0,0,1,1,2,22,3
LUBLIN-RADAWIEC,2018,10,22.2,15.8,-1.9,5.2,9.8,-4.0,36.5,9.1,173.9,0,0,8,0,0,0,7,18,0,0,0,0,1,1,0,0,17,1
LUBLIN-RADAWIEC,2018,11,18.4,7.1,-9.5,.9,3.5,-10.8,8.6,3.3,99.6,2,6,4,1,0,0,16,26,2,0,0,0,0,0,0,0,12,7
LUBLIN-RADAWIEC,2018,12,6.7,1.9,-12.9,-1.9,.1,-15.2,68.5,11.5,14.4,7,11,11,14,7,1,6,31,3,2,3,0,0,1,0,0,0,7
ZAMOŒÆ,2019,1,4.9,-1.3,-15.2,-6.4,-3.5,-20.8,23.0,3.1,.0,11,29,0,22,0,0,0,0,0,0,0,0,0,0,0,0,0,0
ZAMOŒÆ,2019,2,12.9,5.9,-7.8,-.7,2.1,-10.3,10.8,8.9,.0,6,5,3,4,0,0,0,0,0,0,0,0,0,0,0,0,0,0
ZAMOŒÆ,2019,3,17.4,10.1,-9.0,1.0,5.1,-10.5,28.3,9.8,.0,0,0,9,5,0,0,0,0,0,0,0,0,0,0,0,0,0,0
ZAMOŒÆ,2019,4,26.6,15.2,-4.7,3.7,9.4,-8.4,48.0,21.1,.0,0,0,6,2,0,0,0,0,0,0,0,0,0,0,0,0,0,0
ZAMOŒÆ,2019,5,25.4,18.0,-.9,9.0,13.0,-2.6,135.1,43.1,.0,0,0,21,0,0,0,0,0,0,0,0,0,0,0,0,0,0,0
ZAMOŒÆ,2019,6,32.4,27.0,7.7,14.4,20.9,6.5,23.4,11.5,.0,0,0,6,0,0,0,0,0,0,0,0,0,0,0,0,0,0,0
ZAMOŒÆ,2019,7,35.1,24.9,6.6,12.5,18.5,3.6,51.3,15.9,.0,0,0,14,0,0,0,0,0,0,0,0,0,0,0,0,0,0,0
ZAMOŒÆ,2019,8,31.7,26.3,8.2,13.6,19.6,6.5,79.9,35.9,.0,0,0,10,0,0,0,0,0,0,0,0,0,0,0,0,0,0,0
ZAMOŒÆ,2019,9,29.7,20.3,2.0,8.8,14.3,-.5,28.5,15.1,.0,0,0,11,0,0,0,0,0,0,0,0,0,0,0,0,0,0,0
ZAMOŒÆ,2019,10,24.9,17.2,-2.9,5.6,10.8,-6.0,24.7,6.2,.0,0,0,13,0,0,0,0,0,0,0,0,0,0,0,0,0,0,0
ZAMOŒÆ,2019,11,19.6,9.6,-5.4,3.3,6.3,-9.1,48.5,17.8,.0,0,0,15,0,0,0,0,0,0,0,0,0,0,0,0,0,0,0
ZAMOŒÆ,2019,12,14.0,5.1,-6.2,.1,2.6,-8.7,52.8,28.7,.0,2,8,9,4,0,0,0,0,0,0,0,0,0,0,0,0,0,0
LUBLIN-RADAWIEC,2019,1,4.4,-1.2,-12.0,-5.8,-3.4,-19.0,46.1,6.6,26.2,19,30,1,20,5,0,8,29,6,3,7,0,0,4,0,0,0,4
LUBLIN-RADAWIEC,2019,2,11.8,5.7,-8.5,-.7,2.1,-8.9,15.7,9.3,107.6,20,11,3,5,1,0,5,22,0,0,0,0,0,2,0,0,0,12
LUBLIN-RADAWIEC,2019,3,18.2,9.8,-6.0,1.2,4.9,-7.6,22.1,4.5,140.4,1,1,10,5,2,0,0,17,0,0,0,0,0,5,1,0,2,11
LUBLIN-RADAWIEC,2019,4,26.7,14.8,-3.6,4.2,9.4,-6.3,32.3,16.9,242.0,0,0,6,2,1,0,1,7,0,0,0,0,0,1,0,2,4,3
LUBLIN-RADAWIEC,2019,5,25.3,17.7,.8,8.8,12.8,-3.3,101.5,24.6,.0,0,0,16,0,0,0,3,22,0,0,0,0,0,0,0,8,16,1
LUBLIN-RADAWIEC,2019,6,32.5,27.3,9.3,15.2,21.3,7.6,19.5,17.5,355.0,0,0,4,0,0,0,0,6,0,0,0,0,0,1,0,8,17,0
LUBLIN-RADAWIEC,2019,7,34.9,24.5,6.4,12.9,18.3,4.4,29.7,9.6,256.2,0,0,11,0,0,0,0,6,0,0,0,0,0,1,0,5,11,0
LUBLIN-RADAWIEC,2019,8,31.8,26.0,7.8,14.1,19.7,6.9,83.0,26.2,.0,0,0,9,0,0,0,1,9,0,0,0,0,0,0,0,7,29,0
LUBLIN-RADAWIEC,2019,9,29.4,19.6,3.0,9.6,14.1,1.1,49.5,26.8,.0,0,0,14,0,0,0,4,13,0,0,0,0,0,2,0,2,25,0
LUBLIN-RADAWIEC,2019,10,22.5,16.2,-2.1,6.5,10.5,-5.3,30.9,9.6,.0,0,0,8,0,0,0,7,25,0,0,0,0,0,0,0,0,18,4
LUBLIN-RADAWIEC,2019,11,17.3,8.9,-4.4,3.3,5.9,-7.1,58.7,30.4,.0,0,0,16,0,0,0,10,25,0,3,0,0,0,0,0,0,8,5
LUBLIN-RADAWIEC,2019,12,12.3,4.7,-4.3,.2,2.4,-8.2,41.7,19.2,.0,2,2,9,3,1,0,1,25,0,0,0,0,0,0,0,0,4,9
ZAMOŒÆ,2020,1,8.3,3.8,-7.2,-1.4,1.0,-7.9,25.3,11.3,.0,0,0,4,5,0,0,0,0,0,0,0,0,0,0,0,0,0,0
ZAMOŒÆ,2020,2,13.3,6.4,-6.9,.0,3.0,-7.2,54.7,16.6,.0,0,0,11,9,0,0,0,0,0,0,0,0,0,0,0,0,0,0
ZAMOŒÆ,2020,3,16.6,10.0,-7.7,-1.1,4.1,-9.9,28.1,15.3,.0,1,1,9,3,0,0,0,0,0,0,0,0,0,0,0,0,0,0
ZAMOŒÆ,2020,4,24.4,15.4,-5.5,.1,8.0,-8.1,10.2,5.3,.0,0,0,3,0,0,0,0,0,0,0,0,0,0,0,0,0,0,0
ZAMOŒÆ,2020,5,25.5,16.7,-.7,5.6,11.0,-2.1,110.5,38.5,.0,0,0,21,0,0,0,0,0,0,0,0,0,0,0,0,0,0,0
ZAMOŒÆ,2020,6,29.4,23.9,4.3,13.9,18.5,2.0,124.0,25.3,.0,0,0,17,0,0,0,0,0,0,0,0,0,0,0,0,0,0,0
ZAMOŒÆ,2020,7,29.7,25.1,7.3,12.7,18.7,5.9,71.6,20.2,.0,0,0,12,0,0,0,0,0,0,0,0,0,0,0,0,0,0,0
ZAMOŒÆ,2020,8,32.2,26.5,8.7,13.4,19.7,6.1,81.2,27.2,.0,0,0,14,0,0,0,0,0,0,0,0,0,0,0,0,0,0,0
ZAMOŒÆ,2020,9,27.7,20.9,2.5,9.5,14.9,.8,141.8,32.5,.0,0,0,11,0,0,0,0,0,0,0,0,0,0,0,0,0,0,0
ZAMOŒÆ,2020,10,23.8,14.4,1.5,7.5,10.6,-.7,51.8,19.6,.0,0,0,20,0,0,0,0,0,0,0,0,0,0,0,0,0,0,0
ZAMOŒÆ,2020,11,13.6,7.2,-5.1,2.1,4.7,-8.3,13.7,6.3,.0,0,0,12,2,0,0,0,0,0,0,0,0,0,0,0,0,0,0
ZAMOŒÆ,2020,12,10.7,3.5,-6.1,-.5,1.4,-8.2,39.5,14.3,.0,1,1,11,2,0,0,0,0,0,0,0,0,0,0,0,0,0,0
LUBLIN-RADAWIEC,2020,1,7.9,3.2,-4.5,-1.0,.9,-7.0,27.8,7.0,.0,3,1,7,8,4,0,7,24,2,3,0,0,0,1,0,0,0,14
LUBLIN-RADAWIEC,2020,2,11.7,5.9,-5.8,.1,2.6,-8.6,56.1,10.4,.0,0,0,11,10,9,0,2,21,0,0,0,0,0,3,0,0,0,17
LUBLIN-RADAWIEC,2020,3,16.7,9.4,-7.5,-.1,4.2,-9.4,18.0,7.6,.0,1,2,9,3,0,0,1,14,0,0,0,0,2,2,0,0,3,14
LUBLIN-RADAWIEC,2020,4,24.7,15.1,-4.3,1.4,8.4,-6.6,21.4,21.0,.0,0,0,2,0,0,0,0,2,0,0,0,0,0,2,0,1,1,4
LUBLIN-RADAWIEC,2020,5,25.6,16.6,.3,5.8,10.8,-1.7,96.3,30.8,.0,0,0,14,1,1,0,2,13,0,0,0,0,0,2,0,3,17,0
LUBLIN-RADAWIEC,2020,6,30.0,23.7,4.8,13.8,18.3,2.1,140.1,20.5,.0,0,0,21,0,0,0,9,20,0,0,0,0,0,0,0,14,15,0
LUBLIN-RADAWIEC,2020,7,29.4,24.2,7.9,13.0,18.5,6.0,31.8,15.0,285.6,0,0,10,0,0,0,2,11,0,0,0,0,0,1,0,5,27,0
LUBLIN-RADAWIEC,2020,8,32.6,26.6,9.3,14.0,19.9,5.6,42.4,15.5,279.1,0,0,9,0,0,0,1,13,0,0,0,0,0,1,0,6,26,0
LUBLIN-RADAWIEC,2020,9,27.8,20.9,4.0,9.9,15.0,.5,135.7,55.1,223.9,0,0,11,0,0,0,5,23,0,0,0,0,0,0,0,5,24,0
LUBLIN-RADAWIEC,2020,10,23.5,14.0,1.0,7.4,10.3,-1.8,86.6,22.5,98.7,0,0,18,0,0,0,12,23,0,0,0,0,0,0,0,1,16,0
LUBLIN-RADAWIEC,2020,11,15.5,7.0,-3.6,2.5,4.6,-6.5,15.2,7.6,54.0,2,2,13,1,1,0,10,26,0,0,0,0,0,0,0,0,7,6
LUBLIN-RADAWIEC,2020,12,8.7,2.9,-4.8,-.7,1.1,-5.9,26.6,5.6,32.0,1,1,7,2,0,0,11,25,0,2,0,0,0,1,0,0,0,7
ZAMOŒÆ,2021,1,11.0,1.2,-20.5,-4.3,-1.7,-24.8,40.0,8.8,.0,26,18,5,15,0,0,0,0,0,0,0,0,0,0,0,0,0,0
ZAMOŒÆ,2021,2,12.7,.7,-20.7,-6.9,-3.0,-25.7,28.2,6.7,.0,36,24,5,9,0,0,0,0,0,0,0,0,0,0,0,0,0,0
ZAMOŒÆ,2021,3,19.3,6.7,-7.1,-1.2,2.5,-8.6,6.8,2.6,.0,3,2,4,5,0,0,0,0,0,0,0,0,0,0,0,0,0,0
ZAMOŒÆ,2021,4,21.0,11.6,-5.7,1.3,6.1,-12.8,40.3,11.9,.0,4,2,10,7,0,0,0,0,0,0,0,0,0,0,0,0,0,0
ZAMOŒÆ,2021,5,24.1,17.7,.1,7.1,12.2,-2.3,91.9,18.3,.0,0,0,18,0,0,0,0,0,0,0,0,0,0,0,0,0,0,0
ZAMOŒÆ,2021,6,32.8,24.8,3.8,11.9,18.5,1.6,107.7,34.2,.0,0,0,12,0,0,0,0,0,0,0,0,0,0,0,0,0,0,0
ZAMOŒÆ,2021,7,33.0,27.5,12.4,16.4,21.6,10.6,69.1,20.7,.0,0,0,11,0,0,0,0,0,0,0,0,0,0,0,0,0,0,0
ZAMOŒÆ,2021,8,30.7,22.3,8.2,12.7,17.1,7.5,119.5,26.4,.0,0,0,20,0,0,0,0,0,0,0,0,0,0,0,0,0,0,0
ZAMOŒÆ,2021,9,25.7,17.8,1.5,7.7,12.6,-.1,70.1,22.1,.0,0,0,11,0,0,0,0,0,0,0,0,0,0,0,0,0,0,0
ZAMOŒÆ,2021,10,19.6,13.9,-3.1,3.5,8.3,-6.6,3.0,1.0,.0,0,0,8,0,0,0,0,0,0,0,0,0,0,0,0,0,0,0
ZAMOŒÆ,2021,11,14.8,8.1,-4.1,1.7,4.8,-6.4,28.0,14.4,.0,0,0,9,3,0,0,0,0,0,0,0,0,0,0,0,0,0,0
ZAMOŒÆ,2021,12,9.3,.7,-15.7,-3.7,-1.5,-16.8,22.2,6.1,.0,4,14,6,8,0,0,0,0,0,0,0,0,0,0,0,0,0,0
LUBLIN-RADAWIEC,2021,1,8.3,.6,-20.9,-4.6,-2.0,-26.9,46.2,9.4,52.7,26,21,3,16,3,0,6,30,3,0,5,0,0,0,0,0,0,13
LUBLIN-RADAWIEC,2021,2,12.2,.5,-17.9,-6.4,-3.1,-26.4,34.5,13.1,95.5,26,25,3,9,1,0,5,25,3,0,7,1,2,1,0,0,0,15
LUBLIN-RADAWIEC,2021,3,19.5,6.4,-6.5,-1.0,2.4,-8.9,10.7,2.6,146.5,4,2,4,7,0,0,0,0,0,0,0,0,0,0,0,0,0,0
LUBLIN-RADAWIEC,2021,4,21.1,11.4,-3.6,1.9,6.0,-6.4,36.8,13.0,193.2,6,2,7,7,4,0,2,14,0,0,0,0,0,1,0,1,3,10
LUBLIN-RADAWIEC,2021,5,24.5,17.4,.6,7.1,12.1,-3.5,45.3,8.7,233.4,0,0,18,0,0,0,1,9,0,0,0,0,0,3,0,4,13,1
LUBLIN-RADAWIEC,2021,6,32.6,24.8,5.8,12.7,19.1,2.0,64.4,26.1,335.5,0,0,11,0,0,1,0,4,0,0,0,0,0,2,0,9,23,0
LUBLIN-RADAWIEC,2021,7,32.6,27.2,12.9,16.6,21.6,9.8,82.7,37.6,287.2,0,0,11,0,0,2,2,12,0,0,0,0,0,0,0,12,24,0
LUBLIN-RADAWIEC,2021,8,30.0,21.5,8.0,12.5,16.6,4.6,202.9,51.3,183.6,0,0,17,0,0,0,4,21,0,0,0,0,0,0,0,8,25,0
LUBLIN-RADAWIEC,2021,9,24.9,17.6,2.6,8.3,12.7,-.6,59.1,17.5,190.5,0,0,10,0,0,0,2,19,0,0,0,0,0,0,0,2,23,0
LUBLIN-RADAWIEC,2021,10,20.2,13.6,-1.3,4.7,8.6,-5.5,4.6,3.2,189.1,0,0,3,0,0,0,4,13,0,0,0,0,0,0,0,0,22,4
LUBLIN-RADAWIEC,2021,11,13.9,7.5,-2.2,2.1,4.6,-5.5,28.8,6.7,72.5,0,0,15,2,2,0,9,26,0,0,0,0,0,1,0,0,11,10
LUBLIN-RADAWIEC,2021,12,9.3,.5,-14.0,-3.7,-1.5,-17.3,22.0,7.2,38.5,4,14,6,8,0,0,0,0,0,0,0,0,0,0,0,0,0,0
ZAMOŒÆ,2022,1,9.4,1.9,-10.3,-2.5,-.3,-13.8,36.2,9.9,.0,3,18,5,14,0,0,0,0,0,0,0,0,0,0,0,0,0,0
ZAMOŒÆ,2022,2,10.5,5.4,-5.7,-.4,2.5,-7.8,30.0,8.0,.0,3,6,9,7,0,0,0,0,0,0,0,0,0,0,0,0,0,0
ZAMOŒÆ,2022,3,18.5,7.6,-10.1,-2.7,2.2,-11.5,26.9,15.4,.0,1,1,4,2,0,0,0,0,0,0,0,0,0,0,0,0,0,0
ZAMOŒÆ,2022,4,19.0,10.8,-2.8,2.3,6.4,-4.8,45.4,10.0,.0,3,2,12,5,0,0,0,0,0,0,0,0,0,0,0,0,0,0
ZAMOŒÆ,2022,5,26.8,19.8,.9,6.8,13.5,-1.2,22.0,9.1,.0,0,0,11,0,0,0,0,0,0,0,0,0,0,0,0,0,0,0
ZAMOŒÆ,2022,6,33.9,25.7,5.5,11.5,19.0,3.9,31.0,8.8,.0,0,0,8,0,0,0,0,0,0,0,0,0,0,0,0,0,0,0
ZAMOŒÆ,2022,7,33.1,25.7,7.7,13.5,19.1,6.3,120.6,32.8,.0,0,0,18,0,0,0,0,0,0,0,0,0,0,0,0,0,0,0
ZAMOŒÆ,2022,8,30.8,26.1,10.5,14.3,20.0,8.8,52.8,34.0,.0,0,0,7,0,0,0,0,0,0,0,0,0,0,0,0,0,0,0
ZAMOŒÆ,2022,9,22.9,16.0,1.7,7.8,11.7,-.5,100.5,14.3,.0,0,0,19,0,0,0,0,0,0,0,0,0,0,0,0,0,0,0
ZAMOŒÆ,2022,10,21.7,15.7,-2.6,6.4,10.7,-4.8,48.8,22.7,.0,0,0,15,0,0,0,0,0,0,0,0,0,0,0,0,0,0,0
ZAMOŒÆ,2022,11,14.7,6.0,-7.4,1.8,3.7,-10.5,31.7,10.0,.0,9,5,5,7,0,0,0,0,0,0,0,0,0,0,0,0,0,0
ZAMOŒÆ,2022,12,10.0,1.9,-18.6,-2.5,.0,-23.6,60.4,15.0,.0,0,13,10,10,0,0,0,0,0,0,0,0,0,0,0,0,0,0
LUBLIN-RADAWIEC,2022,1,9.4,1.8,-11.8,-2.3,-.2,-18.2,38.6,11.3,49.8,4,8,5,11,0,0,0,0,0,0,0,0,0,0,0,0,0,0
LUBLIN-RADAWIEC,2022,2,9.4,5.2,-6.4,-.5,2.2,-13.5,34.8,7.6,92.0,9,10,6,11,0,0,0,0,0,0,0,0,0,0,0,0,0,0
LUBLIN-RADAWIEC,2022,3,18.0,7.5,-11.1,-2.1,2.4,-12.8,14.5,7.2,215.5,2,2,0,4,0,0,0,0,0,0,0,0,0,0,0,0,0,0
LUBLIN-RADAWIEC,2022,4,18.2,10.1,-4.1,2.2,6.1,-5.5,45.6,11.3,156.0,22,6,8,6,0,0,0,0,0,0,0,0,0,0,0,0,0,0
LUBLIN-RADAWIEC,2022,5,26.2,19.2,.4,7.2,13.2,-2.5,25.1,9.6,301.3,0,0,11,0,0,0,0,0,0,0,0,0,0,0,0,0,0,0
LUBLIN-RADAWIEC,2022,6,34.1,25.0,5.8,12.3,18.8,2.7,34.0,16.9,335.4,0,0,5,0,0,0,0,0,0,0,0,0,0,0,0,0,0,0
LUBLIN-RADAWIEC,2022,7,33.3,24.6,8.5,13.7,18.8,5.6,82.7,26.3,247.9,0,0,11,0,0,0,0,0,0,0,0,0,0,0,0,0,0,0
LUBLIN-RADAWIEC,2022,8,31.4,26.8,9.7,15.1,20.8,6.8,27.7,12.9,289.5,0,0,8,0,0,0,0,0,0,0,0,0,0,0,0,0,0,0
LUBLIN-RADAWIEC,2022,9,22.3,16.1,3.5,7.5,11.6,-.4,59.1,13.2,148.4,0,0,17,0,0,0,0,0,0,0,0,0,0,0,0,0,0,0
LUBLIN-RADAWIEC,2022,10,21.8,15.7,-.5,6.4,10.5,-3.8,20.1,4.1,156.9,0,0,10,0,0,0,0,0,0,0,0,0,0,0,0,0,0,0
LUBLIN-RADAWIEC,2022,11,14.5,5.7,-7.6,1.6,3.5,-11.6,27.5,10.8,40.3,8,7,4,2,0,0,0,0,0,0,0,0,0,0,0,0,0,0
LUBLIN-RADAWIEC,2022,12,10.0,1.4,-16.0,-2.6,-.4,-24.3,58.9,8.0,30.0,36,17,7,10,0,0,0,0,0,0,0,0,0,0,0,0,0,0
ZAMOŒÆ,2023,1,13.7,4.7,-2.4,.9,2.4,-3.1,64.4,12.4,.0,9,5,12,6,0,0,0,0,0,0,0,0,0,0,0,0,0,0
ZAMOŒÆ,2023,2,8.6,3.1,-12.8,-2.3,.5,-18.0,29.2,8.2,.0,8,8,7,6,0,0,0,0,0,0,0,0,0,0,0,0,0,0
ZAMOŒÆ,2023,3,18.4,9.6,-6.2,.5,4.7,-7.7,44.1,14.3,.0,2,2,12,5,0,0,0,0,0,0,0,0,0,0,0,0,0,0
ZAMOŒÆ,2023,4,20.6,12.6,-3.6,3.4,7.8,-5.4,45.7,16.4,.0,1,1,13,2,0,0,0,0,0,0,0,0,0,0,0,0,0,0
ZAMOŒÆ,2023,5,23.8,18.3,-1.3,6.0,12.4,-2.6,61.6,43.1,.0,0,0,9,0,0,0,0,0,0,0,0,0,0,0,0,0,0,0
ZAMOŒÆ,2023,6,28.0,22.1,2.3,11.2,16.7,1.1,81.2,21.3,.0,0,0,15,0,0,0,0,0,0,0,0,0,0,0,0,0,0,0
ZAMOŒÆ,2023,7,33.2,26.0,9.9,13.7,19.8,8.8,108.3,33.5,.0,0,0,13,0,0,0,0,0,0,0,0,0,0,0,0,0,0,0
ZAMOŒÆ,2023,8,31.8,27.2,8.5,15.2,20.7,7.3,57.0,13.7,.0,0,0,11,0,0,0,0,0,0,0,0,0,0,0,0,0,0,0
ZAMOŒÆ,2023,9,28.9,23.8,6.1,11.5,17.2,4.7,25.2,7.0,.0,0,0,13,0,0,0,0,0,0,0,0,0,0,0,0,0,0,0
ZAMOŒÆ,2023,10,23.3,16.3,-2.5,7.5,11.5,-5.0,79.1,39.1,.0,0,0,16,0,0,0,0,0,0,0,0,0,0,0,0,0,0,0
ZAMOŒÆ,2023,11,16.0,6.9,-9.7,1.1,3.8,-15.4,46.8,8.8,.0,6,3,10,7,0,0,0,0,0,0,0,0,0,0,0,0,0,0
ZAMOŒÆ,2023,12,10.4,2.9,-16.6,-1.4,1.0,-20.0,47.0,16.2,.0,26,15,11,9,0,0,0,0,0,0,0,0,0,0,0,0,0,0
LUBLIN-RADAWIEC,2023,1,12.3,4.1,-2.8,.8,2.2,-4.4,68.7,13.0,22.8,16,5,11,7,0,0,0,0,0,0,0,0,0,0,0,0,0,0
LUBLIN-RADAWIEC,2023,2,8.9,3.1,-11.1,-1.9,.5,-16.1,37.3,11.0,83.7,4,8,5,7,0,0,0,0,0,0,0,0,0,0,0,0,0,0
LUBLIN-RADAWIEC,2023,3,18.7,8.9,-9.4,.5,4.3,-15.1,36.5,10.9,128.8,3,4,11,8,0,0,0,0,0,0,0,0,0,0,0,0,0,0
LUBLIN-RADAWIEC,2023,4,21.2,12.8,-4.3,3.8,8.1,-5.9,62.5,16.1,171.3,4,1,13,2,0,0,0,0,0,0,0,0,0,0,0,0,0,0
LUBLIN-RADAWIEC,2023,5,24.0,18.0,-.3,6.7,12.7,-3.3,71.6,24.1,298.6,0,0,7,0,0,0,0,0,0,0,0,0,0,0,0,0,0,0
LUBLIN-RADAWIEC,2023,6,27.8,22.7,3.4,11.9,17.2,1.5,38.4,15.1,269.4,0,0,13,0,0,0,0,0,0,0,0,0,0,0,0,0,0,0
LUBLIN-RADAWIEC,2023,7,32.5,25.3,9.6,13.9,19.5,8.2,87.7,32.3,278.5,0,0,11,0,0,0,0,0,0,0,0,0,0,0,0,0,0,0
LUBLIN-RADAWIEC,2023,8,32.7,26.3,10.0,15.5,20.3,8.0,68.6,15.9,254.3,0,0,17,0,0,0,0,0,0,0,0,0,0,0,0,0,0,0
LUBLIN-RADAWIEC,2023,9,28.9,23.6,8.4,12.2,17.5,5.8,33.2,21.3,253.0,0,0,9,0,0,0,0,0,0,0,0,0,0,0,0,0,0,0
LUBLIN-RADAWIEC,2023,10,22.8,15.4,-1.8,7.2,10.9,-5.5,73.9,30.1,127.2,0,0,19,0,0,0,0,0,0,0,0,0,0,0,0,0,0,0
LUBLIN-RADAWIEC,2023,11,14.0,6.1,-11.4,.7,3.3,-17.1,51.2,14.0,59.4,7,7,9,7,0,0,0,0,0,0,0,0,0,0,0,0,0,0
LUBLIN-RADAWIEC,2023,12,10.2,2.8,-14.1,-1.7,.8,-22.7,43.6,10.0,22.2,30,16,10,9,0,0,0,0,0,0,0,0,0,0,0,0,0,0
ZAMOŒÆ,2024,1,8.3,1.6,-21.2,-4.1,-1.1,-26.9,61.7,14.6,.0,10,18,7,11,0,0,0,0,0,0,0,0,0,0,0,0,0,0
ZAMOŒÆ,2024,2,17.9,8.8,-3.7,2.7,5.6,-5.4,46.0,6.6,.0,9,2,16,3,0,0,0,0,0,0,0,0,0,0,0,0,0,0
ZAMOŒÆ,2024,3,22.8,10.3,-6.2,2.0,5.8,-7.0,27.3,7.8,.0,1,1,13,3,0,0,0,0,0,0,0,0,0,0,0,0,0,0
ZAMOŒÆ,2024,4,25.5,16.5,-2.2,5.4,10.8,-3.8,36.0,18.6,.0,0,0,8,0,0,0,0,0,0,0,0,0,0,0,0,0,0,0
ZAMOŒÆ,2024,5,28.5,22.1,.1,6.8,14.8,-1.3,10.3,6.2,.0,0,0,6,0,0,0,0,0,0,0,0,0,0,0,0,0,0,0
ZAMOŒÆ,2024,6,32.3,24.6,8.1,13.7,19.0,7.4,131.7,25.7,.0,0,0,15,0,0,0,0,0,0,0,0,0,0,0,0,0,0,0
LUBLIN-RADAWIEC,2024,1,8.2,1.3,-20.0,-4.2,-1.4,-24.7,55.5,20.2,62.9,16,19,7,13,0,0,0,0,0,0,0,0,0,0,0,0,0,0
LUBLIN-RADAWIEC,2024,2,16.2,8.7,-2.8,2.9,5.6,-5.2,53.6,6.5,52.5,7,2,17,3,0,0,0,0,0,0,0,0,0,0,0,0,0,0
LUBLIN-RADAWIEC,2024,3,22.5,9.8,-5.1,2.4,5.6,-8.0,46.9,18.9,127.8,0,0,14,2,0,0,0,0,0,0,0,0,0,0,0,0,0,0
LUBLIN-RADAWIEC,2024,4,25.4,15.9,-2.7,5.6,10.5,-5.1,22.9,7.8,200.7,0,0,9,1,0,0,0,0,0,0,0,0,0,0,0,0,0,0
LUBLIN-RADAWIEC,2024,5,27.8,22.4,1.4,8.5,15.9,-1.7,17.1,8.7,368.4,0,0,5,0,0,0,0,0,0,0,0,0,0,0,0,0,0,0
LUBLIN-RADAWIEC,2024,6,32.8,24.2,6.6,13.8,18.8,5.5,95.5,34.1,275.8,0,0,15,0,0,0,0,0,0,0,0,0,0,0,0,0,0,0
